stationReference,lat,long,easting,northing,maxOnRecord,minOnRecord,typicalRangeHigh,typicalRangeLow
1029TH,51.874767,-1.7400829999999998,417990.0,219610.0,0.8200000000000001,0.05,0.42,0.068
E2043,52.845991,-0.100848,528000.0,329300.0,1.77,0.15,0.895,0.15
52119,50.976043,-2.793549,344383.0,119926.0,3.843,0.16,2.8,0.231
E21136,52.323618,-0.101287,529500.0,271200.0,1.212,0.024,0.32,0.141
2067,52.51274,-2.205945,386120.0,290560.0,3.058,0.083,1.336,1.044
48143,50.172659,-5.109416,178065.0,34920.0,2.24,0.06,1.56,0.81
720215,53.858854,-2.743276,351210.0,440550.0,1.67,0.04,1.3,0.103
E9250,50.965124,-0.323121,517850.0,119750.0,,,,
F1906,54.080705,-2.024779,398476.0,464978.0,4.223,0.206,2.2,0.3
E8266,51.038451,-0.100268,533288.0,128283.0,1.893,0.3,1.053,0.061
1771TH,51.571482,-1.449342,438260.0,185990.0,0.188,-0.127,0.71,0.02
531118,51.521892,-2.521122,363940.0,180460.0,2.71,0.003,0.543,0.0
52207,51.083697,-2.586936,358984.0,131762.0,4.451,0.03,2.16,0.074
E1147,53.296901,-0.1319219999999999,524600.0,379400.0,1.185,0.0,0.35,0.019
E70039,52.473075,1.750085,654780.0,292741.0,3.35,,,
E70024,52.47311,1.75011,654781.0,292745.0,,,,
693115,53.407591,-2.294665,380508.0,390128.0,1.452,0.065,1.22,0.099
690611,53.493682,-2.229815,384850.0,399690.0,1.432,0.08,0.8,0.12
E21720,52.151539,0.067146,541524.0,252377.0,1.445,0.063,0.4,0.074
2804TH,51.589297,-0.381167,512244.0,189069.0,2.537,0.115,1.2,0.288
2406TH,51.296962,-1.056426,465884.0,155738.0,1.273,0.227,1.745,0.258
4615TH,51.908463,-0.46427,505740.0,224440.0,1.529,-0.164,1.3,0.015
43165,51.076527,-1.803528,413860.0,130819.0,1.359,0.049,0.48,0.103
2020,52.76777,-2.839715,343440.0,319240.0,1.127,0.042,0.7000000000000001,0.106
3400TH,51.415005,-0.308869,517700.0,169800.0,5.707,0.193,5.15,3.49
L1931,53.944393,-1.886441,407551.0,449817.0,0.798,0.058,1.0,0.086
1090_w2TH,51.713499,-1.420988,440100.0,201800.0,0.847,-0.085,0.349,0.004
44112,50.710758,-2.638832,354990.0,90320.0,0.514,0.043,0.5,0.094
023008,55.142955,-2.208614,386800.0,583200.0,3.076,0.17,2.0,0.205
690203,53.611067,-2.178685,388275.0,412740.0,2.222,0.057,1.8,0.098
4036,53.26962,-0.952008,469990.0,375250.0,2.815,0.294,1.42,0.162
46128,50.393426,-3.73051,277090.0,56270.0,2.07,0.0,1.0,0.023
4827TH,51.874477,-0.149495,527488.0,221164.0,1.009,0.033,0.8,0.053
055003_TG 316,52.061919,-2.659977,354850.0,240600.0,2.999,0.0,2.4,0.153
L2011,53.851542,-1.15762,455512.0,439809.0,8.082,1.54,5.71,2.0
L08015,53.536358,-1.366253,442100.0,404600.0,4.413,0.235,2.49,0.331
2206,51.746918,-2.217953,385049.0,205381.0,1.107,0.16,0.35,0.21
4161,52.574167,-1.035067,465490.0,297810.0,3.14,0.76,2.8,0.77
693426,53.289231,-2.148611,390190.0,376930.0,2.213,0.182,1.18,0.247
E72639,51.49999,-2.728468,349530.0,178147.0,8.626,,,
E72624,51.5,-2.72847,349530.0,178148.0,,,,
730506,54.330571,-2.742287,351826.0,493034.0,3.86,1.115,2.0,1.032
53131,51.426965,-2.459703,368135.0,169874.0,1.5,0.04,0.399,0.108
43216,50.805852,-1.990007,400800.0,100700.0,1.042,0.037,0.546,0.092
45171,50.580497,-3.472207,295862.0,76675.0,1.315,0.113,0.68,0.123
4124,52.877141,-1.759128,416308.0,331103.0,3.545,0.298,1.5550000000000002,0.384
E2901,53.022669,-0.746145,484200.0,348000.0,0.868,0.0,0.6900000000000001,0.11
2095,52.247533,-1.793996,414161.0,261060.0,3.375,0.856,1.329,0.897
022014,55.344803,-2.122952,392300.0,605650.0,2.763,0.09,1.6,0.223
E21127,52.908305,0.504442,568517.0,337479.0,0.298,0.037,0.133,0.02
45134,50.782406,-3.496159,294620.0,99160.0,1.71,0.1,1.2,0.239
L1115,53.60958,-1.705229,419600.0,412600.0,1.47,-0.036,1.0,0.012
E2790,53.550068,-0.501979,499347.0,406982.0,2.61,0.0,2.37,0.482
L3404,53.77033,-0.7077859999999999,485267.0,431219.0,1.872,,,
L2322,54.336432,-1.450586,435821.0,493571.0,1.601,-0.006,1.45,0.029
2241TH,51.412847,-1.526019,433060.0,168310.0,1.078,0.031,0.6000000000000001,0.043
760502,54.648336,-2.614388,360452.0,528312.0,4.527,0.11,3.0,0.2
E12442,50.990287,-1.335564,446730.0,121420.0,0.993,0.0,0.75,0.259
5380TH,51.574894,-0.0436369999999999,535668.0,188039.0,2.199,-0.192,1.35,0.014
765045,54.885739,-2.937513,339955.0,554959.0,4.564,-0.11,2.2,0.013
L2545,54.262449,-0.8592869999999999,474400.0,485800.0,2.595,-0.038,1.3,0.102
F0815,53.526193,-1.473913,434973.0,403411.0,2.188,0.023,1.2,0.08
740101,54.341859,-3.218047,320910.0,494720.0,2.072,0.04,1.5,0.244
E4411,52.998853,-0.408576,506900.0,345800.0,0.581,0.0,0.5,0.244
531109,51.45411,-2.586653,359333.0,172956.0,6.538,6.066,6.7,6.1
L1203,53.697959,-1.873488,408450.0,422400.0,5.339,-0.008,3.8,1.6800000000000002
2870TH,51.56631,-0.483905,505180.0,186360.0,0.608,0.052,0.56,0.11
4435,52.948176,-1.183337,454970.0,339290.0,1.616,0.016,1.0,0.08
2642,52.206967,-2.235272,384019.0,256554.0,5.791,0.487,3.35,0.548
023036,54.904713,-2.265082,383100.0,556700.0,1.953,0.134,1.8,0.157
47140,50.697595,-4.509797,222848.0,91667.0,,,,
4064,53.498488,-0.664311,488700.0,401030.0,2.8200000000000003,0.082,1.75,0.094
761659,54.651055,-2.743236,352141.0,528695.0,3.379,0.26,1.7000000000000002,0.35
2011,52.255374,-2.193909,386860.0,261930.0,2.834,0.016,2.0,0.189
735225,54.352722,-2.940028,339000.0,495652.0,2.904,0.066,1.0,0.228
F2102,53.998678,-1.266199,448200.0,456100.0,5.345,0.081,4.0,0.218
720517,53.863761,-2.817872,346310.0,441150.0,5.013,0.061,4.725,0.4
5376TH,51.619051,0.008836,539169.0,193048.0,1.477,0.142,1.2,0.151
E21563,52.735281,1.480458,635066.0,320977.0,0.8230000000000001,0.042,0.75,0.25
684027,53.234132,-2.827991,344830.0,371110.0,2.573,0.11,1.6,0.196
46119,50.31395,-3.800717,271886.0,47552.0,3.055,0.17,1.8,0.246
E8210,51.002867,-0.027718,538480.0,124460.0,2.625,0.0,2.0,0.01
L0307,53.326718,-1.328824,444800.0,381300.0,4.355,-0.236,1.6800000000000002,0.0
2896TH,51.43615,-0.514892,503326.0,171841.0,0.847,0.014,0.84,0.059
E60601,52.129553,-0.753104,485450.0,248650.0,2.775,0.002,1.865,1.125
53122,51.31742,-2.206553,385701.0,157611.0,2.097,0.07,1.4,0.172
3015TH,51.140148,-0.959908,472860.0,138390.0,1.343,-0.306,0.52,0.0
E2062,52.401841,-0.5448000000000001,499100.0,279200.0,3.24,0.469,1.845,0.675
E4351,51.105167,0.948046,606478.0,138119.0,4.891,0.0,4.38,0.008
1681TH,51.683092,-1.268125,450695.0,198513.0,1.623,0.0,1.5,0.45
43207,51.049578,-2.276018,380748.0,127840.0,1.833,0.025,0.75,0.099
4115,53.166753,-1.164236,455970.0,363620.0,1.634,0.186,1.0,0.246
45162,50.752006,-3.454461,297493.0,95721.0,2.175,0.086,1.3,0.099
2086,52.177055,-2.28833,380380.0,253240.0,6.086,0.304,4.4,0.363
E2285,52.240918,-1.083171,462700.0,260700.0,1.72,0.0,1.25,0.025
E12470,51.0582,-1.308338,448570.0,128990.0,1.148,0.002,0.81,0.319
48125,50.156881,-5.432918,154889.0,34180.0,1.295,0.141,0.8,0.237
L2313,54.235258,-1.341973,442988.0,482374.0,2.32,0.128,1.8,0.174
L2907,54.466168,-0.944968,468480.0,508380.0,3.611,0.0,2.4,0.01
692423,53.42353,-2.141405,390700.0,391870.0,1.811,0.073,1.92,0.104
50197,51.196412,-4.120133,251959.0,146270.0,0.636,0.0,0.55,0.033
700306,53.607043,-2.793103,347620.0,412570.0,3.76,0.104,2.75,0.294
4203,53.009557,-1.190048,454442.0,346113.0,1.577,0.147,1.1,0.238
L1231,53.744763,-2.010569,399400.0,427600.0,2.615,0.112,1.48,0.1
0319TH,51.571821,-1.816698,412800.0,185900.0,2.463,-0.046,1.32,0.034
3826TH,51.607093,-0.271414,519800.0,191222.0,2.121,0.243,2.68,0.61
5151TH,51.812151,0.1586739999999999,548906.0,214817.0,1.979,0.806,1.633,0.939
53197,51.169425,-2.364153,374636.0,141195.0,2.782,0.06,0.6890000000000001,0.0
E22548,52.09308,0.693213,584592.0,247282.0,1.767,0.023,1.04,0.063
E1662,52.90501,-0.255888,517400.0,335600.0,3.353,0.0,2.59,0.081
2670,51.848419,-2.217412,385120.0,216670.0,4.5,-0.107,0.042,-0.006
E3951,51.257785,1.030079,611520.0,155320.0,1.239,0.009,0.75,0.151
F0806,53.560696,-1.473078,435000.0,407250.0,2.745,0.05,1.25,0.142
E4402,51.121217,0.8562700000000001,599985.0,139650.0,1.375,0.0,1.16,0.012
4369TH,51.435695,-0.0274039999999999,537210.0,172590.0,0.886,0.036,1.35,0.071
45213,50.652217,-3.320001,306780.0,84447.0,1.461,0.37,1.45,0.496
E24823,52.474903,1.71041,652076.0,292805.0,1.808,-0.708,1.31,-0.23
51107,51.14633,-3.373795,304000.0,139461.0,1.047,0.08,0.5,0.148
44131,50.807196,-2.739279,348005.0,101110.0,1.134,0.179,0.62,0.2
1790TH,51.666656,-1.305189,448150.0,196660.0,1.81,0.047,0.836,0.079
023027,54.967781,-2.460104,370641.0,563783.0,3.453,0.157,2.0,0.166
47131,50.799229,-4.450269,227426.0,102826.0,2.6950000000000003,0.133,2.3,0.146
4055,52.998306,-1.525391,431950.0,344660.0,1.879,0.084,0.9,0.142
E12781,51.086429,-1.181847,457400.0,132220.0,0.765,0.087,0.6000000000000001,0.125
2002,52.092165,-1.942876,404010.0,243760.0,5.517,0.38,1.9,0.46
055021_TG 305,52.226571,-2.730348,350210.0,258960.0,3.756,0.717,2.6,0.763
2262,51.868695,-2.195623,386627.0,218921.0,2.13,0.106,2.5,0.119
E1750,53.022732,-0.3793689999999999,508800.0,348500.0,1.119,0.0,0.5,0.038
E21058,52.135453,0.794489,591347.0,252256.0,1.219,0.0,0.75,0.015
731013,54.218531,-2.774107,349620.0,480590.0,2.114,0.139,1.1,0.195
2455TH,51.262934,-0.8675619999999999,479110.0,152140.0,1.4,0.343,1.36,0.358
4018,52.855534,-1.648727,423750.0,328730.0,2.698,0.026,1.75,0.492
50150,51.219143,-3.751991,277740.0,148120.0,3.4130000000000003,0.0,2.5,1.202
1210TH,51.95095,-1.6798419999999998,422100.0,228100.0,2.8,0.351,1.6800000000000002,0.405
2225,51.832287,-2.270144,381481.0,214888.0,1.105,-0.064,0.162,0.0
2607TH,51.509305,-0.69032,490987.0,179744.0,1.608,-0.119,0.5,0.096
E22761,51.89895,0.851031,596248.0,226109.0,2.383,0.096,1.54,0.1
690408,53.557357,-2.388815,374340.0,406820.0,1.413,0.05,1.0,0.07
E21183,51.898975,0.3589839999999999,562400.0,224900.0,2.172,-0.249,3.448,0.028
4143,53.1201,-2.012802,399240.0,358104.0,1.67,0.055,0.505,0.183
L1505,53.918229,-2.006046,399700.0,446900.0,3.814,-0.059,1.064,-0.033
5329TH,51.681471,0.004958,538710.0,199982.0,2.52,-0.095,1.21,0.066
48190,50.361418,-4.715659,206943.0,54806.0,1.699,0.019,0.75,0.107
E2647,52.654318,-0.4610329999999999,504200.0,307400.0,1.5779999999999998,-6.1,0.344,0.0
E71539,51.445627,0.7434149999999999,590740.0,175419.0,4.29,,,
E71524,51.44564,0.7434400000000001,590742.0,175420.0,,,,
E24267,52.317315,-0.072946,531450.0,270550.0,1.519,-0.118,0.355,0.136
2077,52.709797,-2.75808,348880.0,312730.0,5.252,0.107,2.7,0.422
5442TH,51.661693,0.209122,552890.0,198190.0,2.385,0.148,2.0,0.271
750504,54.613784,-3.050496,332254.0,524801.0,2.566,0.05,2.0,0.5
2819TH,51.704664,-0.3360519999999999,515077.0,201969.0,0.56,0.002,0.539,0.064
47169,50.710701,-4.56631,218908.0,93261.0,1.585,0.087,1.0,0.112
2902TH,51.390617,-0.48637,505413.0,166818.0,1.316,-0.084,0.402,0.131
L1357,53.681612,-1.517112,431992.0,420682.0,2.386,-0.054,1.0,0.04
48116,50.321143,-4.961751,189264.0,50997.0,1.588,-0.031,0.85,0.03
E1788,53.187011,0.0967939999999999,540200.0,367600.0,1.18,0.0,0.6000000000000001,0.017
F25110,54.299848,-0.717923,483532.0,490119.0,0.919,0.028,0.41,0.042
L2304,54.270085,-1.467898,434751.0,486180.0,6.312,-0.117,5.0,-0.001
E2141,52.587333,-0.568186,497100.0,299800.0,2.92,0.0,2.35,0.154
2200TH,51.461325,-0.967884,471800.0,174100.0,7.413,6.297,7.0,6.579
L3609,54.483499,-1.553528,429024.0,509888.0,5.498,0.0,3.5,0.321
2230TH,51.437409,-1.576981,429500.0,171020.0,0.847,0.044,0.504,0.077
2165,51.864982,-2.252201,382730.0,218520.0,4.9190000000000005,0.001,3.2,0.437
E22539,52.085266,0.665897,582753.0,246344.0,2.04,0.11,1.6,0.104
712130,53.836305,-2.232297,384810.0,437810.0,3.224,0.13,2.385,0.167
F0203,53.266027,-1.410737,439400.0,374500.0,4.115,0.161,2.45,0.225
2661,51.840037,-2.142115,390305.0,215725.0,1.757,0.337,0.356,0.113
3229TH,51.160212,-0.163604,528510.0,141710.0,2.173,0.013,1.6,0.075
F1508,53.982002,-2.097548,393700.0,454000.0,1.347,0.0,0.2,0.132
690250,53.561524,-2.316991,379100.0,407260.0,5.922,0.261,3.7,0.362
1501TH,51.72955,-1.239792,452600.0,203700.0,0.937,-0.62,0.25,0.003
2128,52.03494,-2.116566,392100.0,237400.0,4.6690000000000005,0.012,2.0,0.651
4083,52.916247,-2.171867,388540.0,335440.0,2.94,0.594,1.486,0.471
E24814,52.371419,1.099743,611110.0,279342.0,1.599,-0.14,0.95,0.0
44122,50.731934,-2.752192,347010.0,92750.0,1.822,0.101,0.324,0.137
023018,55.023247,-1.6980849999999998,419400.0,569900.0,1.7000000000000002,0.0,1.3,0.031
2928TH,51.402823,-0.539779,501670.0,168100.0,2.165,13.32,1.06,0.4
47122,50.493456,-4.149573,247627.0,68169.0,3.482,0.087,1.8,0.161
4046,53.055864,-1.782274,414690.0,350980.0,1.607,0.196,0.59,0.271
764070,54.89341,-2.910796,341680.0,555790.0,4.355,0.453,1.4,0.493
E1245,53.250167,-0.3138289999999999,512600.0,373900.0,1.614,0.0,0.6900000000000001,0.03
E1839,53.208433,-0.108817,526400.0,369600.0,1.968,0.0,0.7000000000000001,0.032
4009,52.952707,-1.07772,462060.0,339880.0,5.496,0.758,3.6,1.014
E1110,51.194078,0.065165,544400.0,145900.0,4.235,0.0,2.63,0.251
751020,54.666243,-3.236916,320318.0,530834.0,5.156,0.066,2.072,0.661
53141,51.537816,-2.481077,366730.0,182212.0,1.2,0.02,0.346,0.032
0130TH,51.674733,-1.9904,400760.0,197330.0,0.945,-0.948,0.99,0.0
E4370,51.171609,0.799508,595800.0,145100.0,1.921,0.0,0.75,0.077
52157,51.079805,-2.869413,339193.0,131525.0,5.065,2.3,4.155,2.329
43226,51.037252,-2.278768,380550.0,126470.0,2.172,0.26,1.05,0.288
4150TH,51.373583,-0.138986,529630.0,165480.0,1.826,0.029,1.6,0.065
F3004,54.093099,-0.263772,513650.0,467750.0,0.704,-0.1,0.7000000000000001,0.0
0190TH,51.646694,-1.865536,409400.0,194220.0,0.992,0.012,1.083,0.058
E581,51.291026,0.511282,575200.0,157650.0,1.084,0.0,0.5,0.093
L0414,53.367798,-1.521432,431941.0,385767.0,1.153,-0.013,0.55,0.008
2885TH,51.500923,-0.4827619999999999,505410.0,179090.0,0.771,0.324,1.0,0.389
761260,54.555577,-2.743431,352016.0,518071.0,2.504,0.222,1.8,0.277
E22344,52.026751,-0.266941,519000.0,237900.0,0.6920000000000001,0.06,0.261,0.13
L2592,54.173347,-0.984145,466410.0,475762.0,0.768,0.029,0.55,0.044
700325,53.54925,-2.625999,358620.0,406030.0,2.55,0.07,1.35,0.094
E21856,51.972195,0.774544,590676.0,234050.0,2.045,0.081,1.43,-0.002
48107,50.311991,-5.166154,174673.0,50579.0,1.098,0.249,1.2,0.149
52208,51.116056,-2.430837,369939.0,135285.0,10.7,0.006,3.714,0.239
52110,51.021033,-3.132608,320656.0,125240.0,2.484,0.0,1.4,0.197
021030,55.517539,-2.005254,399766.0,624867.0,1.889,-0.01,1.2,0.035
685513,53.411889,-3.088778,327725.0,391118.0,3.265,0.34,1.188,0.408
3815TH,51.584844,-0.180888,526130.0,188900.0,1.844,0.772,2.391,0.799
E7050,52.186277,-1.171327,456750.0,254550.0,,,,
4074,52.831898,-1.273539,449040.0,326290.0,1.312,0.324,1.006,0.412
E1013,53.496174,-0.11262,525300.0,401600.0,1.245,0.0,0.61,0.066
E24805,52.192643,-0.064443,532400.0,256700.0,3.081,0.029,0.496,0.222
2615,52.164097,-1.857348,409854.0,251769.0,4.426,0.895,2.6,0.955
1302TH,51.776669,-1.298428,448500.0,208900.0,0.52,-0.477,0.225,0.05
44113,50.665978,-2.480781,366117.0,85256.0,1.025,0.0,0.26,0.0
2469_w1TH,51.377564,-0.952526,473000.0,164800.0,1.481,0.064,0.95,0.189
023009,54.812531,-2.443415,371600.0,546500.0,2.848,0.1,1.9,0.155
5322TH,51.691657,-0.027263,536452.0,201054.0,1.16,0.366,1.1,0.381
4037,53.335557,-1.683843,421150.0,382120.0,4.411,0.6930000000000001,3.2,0.777
E2814,53.221702,-0.541127,497500.0,370400.0,3.19,0.0,2.96,0.115
46129,50.539272,-3.702255,279470.0,72440.0,2.17,0.21,1.0,0.349
3629TH,51.548783,-0.3978359999999999,511188.0,184538.0,0.792,-0.037,0.65,0.033
49129,50.558795,-4.637796,213260.0,76550.0,1.561,0.025,0.6920000000000001,0.109
50132,50.939901,-3.907581,266070.0,117340.0,4.001,0.15,2.5,0.207
1961TH,51.753138,-0.982253,470350.0,206540.0,2.99,0.948,2.25,1.057
730507,54.330708,-2.743458,351750.0,493050.0,,,,
53132,51.455821,-2.065573,395540.0,172985.0,3.451,0.14,1.104,0.401
43217,51.048996,-2.41251,371180.0,127820.0,2.938,0.0,1.28,0.009
E2902,53.226658,-0.368683,509000.0,371200.0,1.624,-1.42,0.9,0.088
48172,50.100002,-5.279794,165546.0,27365.0,2.111,0.158,1.7000000000000002,0.232
022015,55.151643,-1.917583,405350.0,584150.0,2.17,0.021,1.81,0.064
724326,54.125115,-2.589971,361540.0,470080.0,3.186,0.08,1.5,0.16
L0405,53.351517,-1.484072,434440.0,383973.0,1.56,-0.055,0.9,-0.007
5318TH,51.703222,-0.022505,536746.0,202349.0,1.971,0.345,2.1,0.366
45135,50.883029,-3.489856,295290.0,110340.0,3.584,0.0,2.5,0.103
L1376,53.71811,-1.638949,423924.0,424695.0,2.482,-0.02,1.1,0.129
0006,51.501216,-0.12385,530320.0,179700.0,4.83,,,
693515,53.380045,-2.406589,373050.0,387100.0,1.493,0.201,1.0,0.255
L3901,54.603816,-1.16076,454311.0,523508.0,4.09,,,
L2323,54.338848,-1.442218,436363.0,493844.0,2.142,0.203,1.1,0.225
2808TH,51.682315,-0.3156069999999999,516547.0,199516.0,1.602,0.006,1.574,0.3
1471TH,51.884491,-1.012852,468040.0,221120.0,1.86,-0.211,0.939,0.008
681213,53.277575,-2.455855,369700.0,375720.0,3.126,0.113,1.7000000000000002,0.209
L1241,53.70594,-1.91329,405821.0,423284.0,3.33,0.385,0.794,0.427
0712TH,51.563545,-1.722961,419300.0,185000.0,3.078,0.73,1.91,0.782
E1672,53.23087,-0.555797,496500.0,371400.0,2.361,0.0,1.9,1.272
3404TH,51.423993,-0.308538,517700.0,170800.0,5.579,0.249,5.0,4.42
740102,54.295374,-3.237418,319560.0,489570.0,2.611,0.05,1.45,0.11
755900,54.868017,-3.394284,310615.0,553475.0,,,,
E4412,51.133674,0.880127,601600.0,141100.0,2.957,0.0,1.569,0.892
E2717,52.537116,-0.8248949999999999,479800.0,293900.0,1.217,0.0,0.289,0.015
L1204,53.73128,-1.983282,401200.0,426100.0,5.646,0.352,2.65,0.434
021021,55.61121,-2.395446,375187.0,635363.0,4.529,0.306,1.63,0.38
44239,50.715805,-2.5855,358760.0,90850.0,121.128,101.873,113.0,0.0
023037,55.142852,-2.261953,383400.0,583200.0,3.83,-0.01,3.0,0.032
690232,53.663522,-2.172551,388695.0,418575.0,,,,
43157,51.242295,-1.662004,423690.0,149290.0,0.858,0.0,0.401,0.0
47141,50.413192,-4.331177,234467.0,59634.0,1.15,0.028,0.503,0.061
4065,53.293511,-0.750996,483349.0,378123.0,7.307,1.296,4.65,1.4
E12791,51.089282,-1.180897,457463.0,132538.0,0.71,0.13,0.65,0.2
E21341,52.518826,0.252026,552900.0,293600.0,4.134,0.303,2.4,0.459
700404,53.655307,-2.676594,355380.0,417860.0,2.451,0.001,1.0,0.083
2012,52.706629,-2.60558,359180.0,312280.0,2.963,0.04,1.3,0.386
735226,54.338025,-2.970931,336969.0,494044.0,1.846,0.031,1.0,0.289
2272,51.863183,-2.221361,384853.0,218313.0,1.194,0.0,1.5,0.005
2606,51.969234,-2.193572,386798.0,230103.0,6.382,0.364,4.492,0.502
1437TH,52.028582,-1.326852,446280.0,236900.0,1.3,0.041,0.58,0.058
5427TH,51.709101,0.239586,554835.0,203526.0,2.415,-0.006,1.3,0.083
2003TH,51.523317,-1.141252,459675.0,180839.0,1.306,-0.32,0.215,0.05
L12061,53.732891,-2.045203,397115.0,426280.0,2.531,-0.152,1.2,-0.01
4190,53.019889,-1.425573,438630.0,347110.0,0.9,0.33,0.9,0.35
1099TH,51.716858,-1.3746239999999998,443300.0,202200.0,1.35,-0.51,0.38,-0.004
53160,51.36697,-2.621881,356803.0,163285.0,,,,
E22511,52.069056,0.4740359999999999,569671.0,244076.0,2.221,0.01,0.98,0.059
E2694,52.748345,-0.50217,501200.0,317800.0,0.798,0.0,0.49,0.01
50123,51.213836,-3.841064,271505.0,147682.0,0.841,0.031,0.8,0.083
L1515,53.923505,-1.933535,404462.0,447489.0,0.485,-0.029,0.107,-0.1
L3804,54.462673,-1.19921,452006.0,507774.0,4.13,0.23,2.3,0.289
53123,51.343988,-2.134327,390740.0,160554.0,3.304,0.0,2.0,0.277
E1946,52.231962,-0.97793,469900.0,259800.0,2.16,0.0,1.89,0.043
F1207,53.716861,-2.096931,393700.0,424500.0,2.768,-0.058,1.3,0.104
43208,51.034144,-2.265686,381466.0,126121.0,3.463,0.005,1.82,0.089
4116,53.226502,-1.008036,466320.0,370400.0,1.423,0.107,0.8,0.244
2087,52.00171,-2.163093,388900.0,233710.0,5.498,0.311,2.8,0.406
F1703,53.751469,-1.423682,438100.0,428500.0,2.783,0.103,1.8,0.176
L3693,54.484792,-1.5679759999999998,428087.0,510026.0,3.0,0.641,1.61,0.722
712052,53.78552,-2.234141,384670.0,432160.0,1.871,0.11,1.2,0.149
E22103,52.101809,-0.017376,535893.0,246685.0,1.062,0.061,0.457,0.167
022006,55.113789,-1.620587,424300.0,580000.0,2.46,0.054,0.55,0.112
46110,50.541046,-3.550843,290203.0,72402.0,3.113,,,
L2351,54.387346,-1.936039,404251.0,499099.0,2.13,0.027,0.9,0.0
E21119,52.332181,0.438278,566236.0,273254.0,1.063,0.0,0.223,0.011
45126,50.682229,-3.470109,296235.0,87984.0,1.993,0.12,1.2,0.3
49110,50.431183,-4.67963,209785.0,62469.0,2.284,0.1,1.5,0.24
2844TH,51.744674,-0.49654,503896.0,206178.0,1.798,0.539,1.99,0.639
E1538,53.293005,0.297051,553200.0,379800.0,5.119,,,
48126,50.133798,-5.254647,167508.0,31043.0,1.319,0.271,1.0,0.354
E23060,52.576492,1.516029,638329.0,303439.0,1.572,-0.398,1.24,0.198
L2314,54.347769,-1.3567,441914.0,494884.0,1.712,0.2,1.2,0.266
F3705,54.60851,-1.549436,429200.0,523800.0,1.943,0.068,1.4,0.139
750106,54.562827,-3.138777,326461.0,519220.0,4.05,0.393,1.4,0.508
055817_TG 323,51.915339,-2.587573,359682.0,224254.0,5.1,0.0,3.2,0.254
L2810,53.991789,-0.916086,471162.0,455628.0,9.961,6.953,9.1,6.99
E21838,52.453082,0.545246,573050.0,286950.0,2.6,1.385,2.105,1.64
4204,52.739499,-1.353725,443730.0,315960.0,2.808,0.1,1.25,0.131
2175,52.735739,-2.994315,332960.0,315810.0,6.566,0.016,5.2,0.187
2671,51.883138,-2.061691,395850.0,220511.0,1.737,0.27,0.49,0.3
4381TH,51.403702,0.060218,543400.0,169200.0,2.296,-0.06,1.45,0.033
F2502,54.174308,-0.7621319999999999,480900.0,476100.0,5.556,0.054,4.0,0.194
E4403,53.070452,-0.196967,520900.0,354100.0,3.217,0.0,1.333,0.386
E10368,51.037463,-0.8998800000000001,477230.0,127032.0,1.955,0.44,0.9,0.08
E651,51.150722,0.174763,552200.0,141300.0,4.535,0.0,2.85,0.249
45214,50.767191,-3.29459,308800.0,97200.0,1.754,0.25,1.2,0.269
4093,52.758541,-1.164067,456510.0,318210.0,2.254,0.649,1.144,0.935
4427,52.921584,-1.283492,448270.0,336260.0,2.24,0.01,1.3,0.13
2040,52.781029,-2.474812,368070.0,320490.0,1.239,0.06,0.327,0.118
5016TH,51.930418,0.086394,543547.0,227824.0,1.6920000000000002,0.104,1.43,0.13
2634,52.311774,-2.625404,357460.0,268370.0,4.775,0.52,1.5,0.531
024012,54.842382,-1.487058,433039.0,549852.0,1.77,-0.249,1.0,-0.111
L2402,53.89327,-1.097619,459400.0,444500.0,4.197,0.235,2.247,0.417
023028,55.029637,-2.127318,391959.0,570577.0,3.403,-0.256,1.2,-0.198
4165TH,51.377064,-0.160112,528150.0,165830.0,2.02,1.176,1.935,1.272
47132,50.417855,-3.959444,260890.0,59390.0,2.587,0.059,1.5,0.107
4056,52.7031,-1.142483,458040.0,312060.0,2.217,0.098,1.25,0.15
3804TH,51.623491,-0.185411,525710.0,193190.0,1.07,0.251,2.0,0.259
46148,50.533259,-3.657787,282606.0,71700.0,1.77,0.08,0.741,0.208
4317TH,51.401378,0.0284829999999999,541200.0,168880.0,2.237,0.317,2.0,0.427
E23705,52.678061,0.547924,572348.0,311976.0,0.663,0.048,0.317,0.097
4019,52.780647,-1.647106,423900.0,320400.0,3.797,0.812,2.038,1.018
50151,50.857808,-3.810592,272660.0,108040.0,3.992,0.25,2.3,0.317
2226,51.747599,-2.214291,385302.0,205456.0,1.175,0.11,0.43,0.13
E22006,52.612011,1.01713,604369.0,305857.0,1.883,0.081,1.3,0.168
3102TH,51.406476,-0.349558,514892.0,168787.0,1.029,-0.126,0.295,0.05
44220,50.767098,-2.400751,371834.0,96467.0,0.785,0.0,0.38,0.072
0470TH,51.710647,-1.889951,407700.0,201330.0,1.23,-0.276,0.93,0.044
50114,51.099972,-4.010005,259360.0,135330.0,2.522,0.18,1.1,0.244
E21778,52.06173,0.1942789999999999,550523.0,242645.0,0.7000000000000001,0.06,0.333,0.109
E24899,51.648181,0.3460979999999999,562411.0,196983.0,2.747,0.182,0.432,0.081
43236,51.067397,-2.26953,381210.0,129820.0,1.566,0.285,0.51,0.306
L1506,53.940697,-2.021283,398700.0,449400.0,4.739,0.023,4.0,0.041
710125,54.006777,-2.221986,385548.0,456775.0,1.107,0.3,0.81,0.3
48191,50.272818,-4.791471,201182.0,45156.0,2.151,0.027,0.75,0.06
1980TH,51.740637,-1.115198,461190.0,205030.0,6.11,2.997,5.752,3.597
E23186,52.819304,1.251666,619202.0,329597.0,1.24,0.129,0.68,0.189
F2405,53.991515,-1.135153,456800.0,455400.0,6.787,-0.104,6.1,0.509
735430,54.268069,-2.974952,336600.0,486264.0,2.541,0.091,1.4,0.309
733020,54.140607,-2.731323,352320.0,471890.0,2.934,0.07,0.9,0.102
45117,50.759747,-3.559651,290091.0,96733.0,4.729,0.02,2.5,0.126
L1358,53.686013,-1.5299619999999998,431140.0,421166.0,1.388,-0.02,1.1,0.032
48117,50.08362,-5.291203,164650.0,25580.0,5.782,3.373,4.7,3.4
50189,51.111292,-4.161795,248770.0,136890.0,1.92,0.403,1.2,0.444
E6980,50.851679,0.522713,577671.0,108828.0,2.817,0.6990000000000001,1.8,0.9
52120,51.031669,-2.798991,344068.0,126116.0,4.92,0.8,3.476,1.437
5420TH,51.713888,0.259177,556172.0,204100.0,2.184,0.01,1.45,0.047
021040,55.550443,-1.784723,413680.0,628550.0,1.13,0.016,0.6000000000000001,0.041
735022,54.429259,-2.970683,337125.0,504195.0,3.714,0.157,1.7000000000000002,0.406
2662,51.840929,-2.202237,386163.0,215834.0,1.289,0.046,0.265,0.081
E2105,52.584341,-0.4044439999999999,508200.0,299700.0,2.941,0.0,1.38,0.177
E4060,51.258144,1.145929,619600.0,155700.0,2.08,0.0,1.42,0.038
E642,51.250834,0.447181,570880.0,153030.0,3.898,-0.059,2.5,0.259
E24319,52.415589,0.7342719999999999,586050.0,283250.0,1.035,0.083,0.707,0.59
5480TH,51.576239,0.040575,541499.0,188348.0,2.3,0.07,1.44,0.123
0701TH,51.68931,-1.678796,422300.0,199000.0,0.945,-0.265,0.25,-0.011
E24815,52.230723,1.344041,628459.0,264440.0,1.162,-0.3,1.1,0.0
2625,52.36409,-2.706474,351990.0,274240.0,5.223,0.834,3.0,0.856
024003,54.745941,-2.026369,398400.0,539000.0,3.714,0.006,2.15,0.101
710301,53.872754,-2.414398,372850.0,441920.0,4.604,0.106,3.3,0.202
47123,50.60014,-4.3068,236845.0,80365.0,4.982,0.013,3.1,0.03
3085TH,51.302063,-0.543308,501647.0,156890.0,3.94,1.0,3.2,1.0
0913TH,51.72466,-1.54887,431257.0,202979.0,1.784,0.78,1.061,0.87
E1742,53.546656,-0.159656,522035.0,407134.0,1.443,0.0,0.545,0.02
E23956,52.206315,0.520869,572350.0,259450.0,2.241,0.0,1.7000000000000002,0.397
F1003,53.638515,-1.7867000000000002,414200.0,415800.0,2.94,0.096,1.3,0.254
3207TH,51.11607,-0.2226489999999999,524500.0,136700.0,2.513,0.666,2.37,0.729
692726,53.438308,-2.344072,377240.0,393560.0,3.911,0.2,4.15,0.293
E71939,50.714331,-1.874873,408930.0,90530.0,1.24,,,
E71924,50.71433,-1.87486,408931.0,90530.0,,,,
4172,52.397668,-1.853805,410044.0,277750.0,1.929,0.151,0.418,0.162
F2470,53.981457,-1.067671,461239.0,454337.0,3.577,0.641,2.2,0.677
1486TH,51.874246,-1.18499,456205.0,219834.0,1.955,0.921,1.59,0.925
52158,51.05693,-2.949032,333583.0,129050.0,6.103,3.598,3.972,3.548
3350TH,51.355767,-0.2551819999999999,521590.0,163300.0,0.802,0.011,1.035,0.026
055031_TG 329,52.069153,-2.743532,349130.0,241460.0,1.292,0.001,0.408,0.129
2936TH,51.389272,-0.5062909999999999,504030.0,166640.0,1.783,0.278,1.5,0.3
E1594,53.202079,-0.553771,496700.0,368200.0,2.091,0.0,1.84,0.297
L2208,54.311836,-2.102939,393400.0,490700.0,4.078,-0.08,2.0,0.051
2966TH,51.349005,-0.602519,497420.0,162030.0,2.725,0.845,1.54,0.915
F3501,54.517925,-1.601411,425900.0,513700.0,3.277,0.293,2.5,0.537
2204TH,51.450901,-1.859793,409839.0,172445.0,2.33,-0.16,1.105,0.0
L1386,53.70985,-1.690136,420550.0,423760.0,1.616,-0.006,0.35,0.015
48145,50.292259,-4.781629,201964.0,47291.0,3.268,0.237,1.42,1.01
4045TH,51.374843,-0.208335,524800.0,165500.0,2.915,0.7030000000000001,2.39,0.734
2264TH,51.422436,-1.350461,445260.0,169470.0,0.545,0.032,0.2,0.041
4890TH,51.801234,-0.079759,532503.0,213143.0,1.537,0.098,0.8,0.127
48108,50.266031,-4.918599,192095.0,44749.0,2.298,0.133,1.5,0.252
E670,51.254622,0.4850759999999999,573510.0,153540.0,4.022,0.0,1.71,1.155
E21226,52.678328,1.487896,635875.0,314669.0,0.898,0.07,0.94,0.2
52111,51.020017,-3.100618,322898.0,125093.0,1.836,0.202,1.77,0.8180000000000001
45233,50.798774,-3.194372,315924.0,100593.0,0.855,0.021,0.4,0.028
L3503,54.533026,-1.55104,429150.0,515400.0,2.182,0.02,1.7000000000000002,0.08
2893TH,51.466242,-0.501779,504169.0,175206.0,1.236,0.125,1.12,0.21
PCHURCH_TG 342,52.041372,-2.955501,334560.0,238540.0,2.357,0.079,1.2,0.193
L1808,53.713759,-1.26662,448500.0,424400.0,2.389,-0.039,2.0,0.158
4310TH,51.392901,0.0194839999999999,540600.0,167920.0,1.045,-0.735,1.8,0.0
L17012,53.800865,-1.480337,434324.0,433967.0,1.737,0.034,1.15,0.075
F3316,53.739921,-0.144398,522485.0,428659.0,3.093,0.072,1.9,0.176
3012TH,51.150372,-0.96697,472350.0,139520.0,0.562,-0.198,0.5,0.0
2653,51.88594,-2.093645,393651.0,220825.0,2.75,0.04,0.32,0.08
L2519,54.308919,-0.7463529999999999,481664.0,491095.0,2.204,0.098,1.41,0.189
E21449,52.087826,-0.717093,487997.0,244052.0,3.15,0.032,1.9,0.105
4370TH,51.441442,-0.0268689999999999,537230.0,173230.0,1.204,0.046,2.1,0.071
E24806,51.991569,-0.939719,472900.0,233100.0,2.454,0.045,0.726,0.105
E1608,53.229862,-0.5468419999999999,497100.0,371300.0,1.318,0.0,0.788,0.23
1800TH,51.647821,-1.254167,451700.0,194600.0,4.442,1.064,3.51,1.911
2616,52.158602,-2.219449,385084.0,251171.0,7.489,0.475,5.0,0.512
E5852,50.991816,0.524378,577255.0,124413.0,3.358,0.029,2.3,0.07
713056,53.833695,-2.453518,370250.0,437590.0,5.22,0.19,2.8,0.259
5369TH,51.615727,-0.0652529999999999,534050.0,192540.0,1.452,0.0,1.7000000000000002,0.042
690205,53.5659,-2.293017,380690.0,407740.0,3.362,0.031,2.45,0.07
E2815,53.080542,-0.614579,492900.0,354600.0,2.2,-0.18,0.298,0.04
L2013,53.863248,-1.192116,453228.0,441085.0,8.322,5.072,7.45,5.375
E8221,50.975187,0.034071,542900.0,121500.0,2.696,0.021,1.75,0.242
713019,53.76911,-2.624715,358920.0,430490.0,6.698,0.76,4.83,1.14
2859TH,51.641989,-0.46125,506573.0,194809.0,0.368,0.037,0.39,0.059
724735,54.051851,-2.822021,346280.0,462080.0,6.808,1.289,6.25,1.607
E24064,52.70167,1.571118,641370.0,317540.0,0.92,-0.009,1.07,0.0
2889TH,51.533611,-0.47115,506140.0,182742.0,1.885,0.004,1.0,0.037
50133,51.076717,-3.866807,269320.0,132480.0,2.364,0.0,1.5,0.197
3823TH,51.610531,-0.313052,516908.0,191537.0,1.348,0.024,1.0,0.049
4163,52.986245,-1.163701,456240.0,343540.0,1.364,0.015,0.95,0.033
53133,51.451028,-2.55481,361543.0,172596.0,3.22,0.0,2.91,0.151
E22744,51.935709,0.697218,585516.0,229793.0,2.164,0.062,1.14,0.042
44202,50.683502,-2.108932,392400.0,87100.0,1.436,,,
694041,53.38377,-2.624305,358571.0,387619.0,4.24,0.93,3.8,1.209
4126,52.92478,-1.166968,456100.0,336700.0,5.392,0.652,2.9,0.86
2097,52.10744,-2.07193,395170.0,245460.0,6.067,2.6630000000000003,3.606,3.36
43120,51.036427,-1.771751,416100.0,126366.0,1.415,0.24,1.083,0.49
48173,50.050669,-5.634771,139899.0,23058.0,0.97,0.151,0.675,0.192
022016,55.232946,-1.893044,406900.0,593200.0,2.158,0.255,1.62,0.299
46120,50.390648,-3.72194,277692.0,55947.0,5.276,0.51,1.25,0.654
E2296,52.515233,-0.794532,481900.0,291500.0,2.95,0.0,2.1,0.028
L2361,54.374943,-1.633138,423929.0,497779.0,1.611,0.1,1.0,0.134
45136,50.820959,-3.65782,283320.0,103690.0,2.751,0.0,2.0,0.176
49120,50.501243,-4.500737,222751.0,69815.0,2.05,0.101,1.5,0.266
L0902,53.660847,-0.99124,466758.0,418736.0,4.78,0.6000000000000001,3.5,1.017
0007,51.506753,-0.078706,533437.0,180397.0,4.8100000000000005,,,
E14993,50.693632,-1.107996,463100.0,88600.0,2.866,,,
4710,53.137597,-1.198884,453690.0,360350.0,1.661,0.5720000000000001,1.4,0.602
2604TH,51.524146,-0.7021029999999999,490140.0,181380.0,3.866,1.127,3.55,2.27
E4413,53.081293,-0.140778,524633.0,355402.0,1.539,0.0,1.1,0.094
45224,50.850029,-2.888672,337536.0,105989.0,3.954,0.0,2.1,0.805
L1205,53.707881,-1.912089,405900.0,423500.0,3.5540000000000003,-0.224,1.4,0.0
E21713,52.330595,-0.227967,520848.0,271757.0,2.099,0.037,1.514,0.09
2050,52.316208,-1.431466,438852.0,268831.0,3.253,0.04,1.159,0.238
712113,53.811466,-2.248409,383740.0,435050.0,3.362,0.13,2.17,0.19
685505,53.382935,-3.10829,326378.0,387917.0,,,,
710320,53.870513,-2.388461,374554.0,441661.0,1.336,0.035,1.53,0.069
2694TH,51.506197,-0.710164,489616.0,179374.0,2.038,0.748,1.71,0.776
755790,54.817425,-3.167142,325098.0,547579.0,2.555,0.008,1.3,0.1
E71239,52.934316,1.301623,621979.0,342539.0,3.76,,,
E71224,52.93436,1.30164,621980.0,342544.0,,,,
F3803,54.477707,-1.298736,445538.0,509378.0,2.63,0.133,1.8,0.213
E23752,52.39784,0.093691,542548.0,279821.0,4.044,0.026,2.8,0.431
023038,54.969163,-2.115677,392692.0,563846.0,0.776,0.052,0.5,0.09
3230TH,51.173918,-0.18323,527100.0,143200.0,3.444,0.003,2.42,0.189
47142,50.647179,-4.267416,239792.0,85509.0,2.527,0.01,0.975,0.118
43158,51.137063,-1.72023,419670.0,137570.0,0.896,0.0,0.6000000000000001,0.0
4066,52.484208,-1.731944,418300.0,287400.0,1.964,0.082,0.385,0.129
2816TH,51.793132,-0.396615,510676.0,211714.0,0.994,-0.601,0.8,-0.247
F2104,53.971293,-1.349003,442800.0,453000.0,3.057,0.007,0.7000000000000001,0.084
44105,50.711622,-2.762844,346235.0,90499.0,2.965,,,
3290TH,51.381714,-0.3774929999999999,513010.0,165990.0,3.24,0.526,4.32,1.272
1995TH,51.619653,-1.073786,464220.0,191610.0,0.201,0.006,0.46,0.041
E1228,52.867461,-0.333163,512300.0,331300.0,2.283,-0.005,0.56,0.015
4770TH,51.837638,-0.2212889999999999,522646.0,216944.0,0.548,-0.457,0.66,-0.136
3074TH,51.210841,-0.5046269999999999,504550.0,146800.0,0.339,0.03,0.293,0.054
0902TH,51.699764,-1.573094,429600.0,200200.0,0.873,-0.263,0.324,0.0
50124,51.100527,-4.16425,248563.0,135698.0,5.478,,,
E21788,52.428112,-0.3542,512000.0,282400.0,3.6,0.983,2.2,1.015
L3211,53.719075,-0.434087,503431.0,425880.0,3.854,0.419,3.0,0.6890000000000001
L3805,54.468269,-1.194564,452300.0,508400.0,1.62,-0.06,1.62,0.01
53124,51.348874,-2.340892,376355.0,161144.0,3.609,0.27,2.9,0.499
E6642,50.981447,0.468833,573396.0,123128.0,1.66,0.0,1.4,0.062
E2300,52.823395,-0.536693,498700.0,326100.0,2.216,-0.01,0.98,0.035
43209,50.931417,-2.257544,381997.0,114695.0,3.382,0.087,2.56,0.145
2088,52.395138,-1.173153,456360.0,277780.0,1.881,0.057,0.659,0.098
055014_TG 306,52.276841,-2.932709,336460.0,264710.0,2.176,0.229,1.3,0.279
L0930,53.57333,-1.103688,459450.0,408900.0,4.49,0.06,3.2,0.193
43111,51.107453,-1.878102,408630.0,134247.0,1.056,0.105,0.65,0.135
3286TH,51.323836,-0.41269,510700.0,159500.0,3.46,0.877,2.7,1.012
022007,55.166194,-1.727617,417450.0,585800.0,4.067,0.139,2.0,0.221
4873,52.755673,-0.970755,469560.0,318060.0,3.85,0.215,1.61,0.476
46111,50.639783,-3.787037,273732.0,83757.0,1.748,0.0,1.0,0.069
744250,54.507361,-3.525782,301304.0,513523.0,3.3,0.29,2.6,0.427
0260TH,51.724451,-1.972293,402010.0,202860.0,1.048,-0.032,0.7000000000000001,0.078
45127,50.616779,-3.424247,299335.0,80643.0,3.112,,,
49111,50.806416,-4.536465,221380.0,103830.0,1.284,-0.465,0.45,0.051
L1108,53.601624,-1.927299,404908.0,411677.0,2.231,0.182,1.15,0.238
48127,50.319157,-4.898882,193730.0,50600.0,1.723,0.078,1.5,0.173
F2540,54.229768,-0.8724609999999999,473600.0,482150.0,4.249,0.024,2.6,0.078
1289TH,51.864215,-1.356609,444400.0,218600.0,1.122,0.031,0.75,0.05
720101,53.978695,-2.677098,355690.0,453840.0,1.117,-1.0,0.6000000000000001,0.1
52130,50.873685,-2.566002,360271.0,108396.0,2.342,0.0,1.1,0.039
4180_w2TH,51.419659,-0.18127,526560.0,170530.0,1.164,-0.044,1.7000000000000002,0.058
4205,52.765357,-1.214327,453110.0,318930.0,1.103,0.011,0.5,0.026
5362TH,51.650298,-0.1640589999999999,527113.0,196208.0,0.984,-0.002,1.1,0.041
45215,50.796646,-3.183491,316687.0,100344.0,2.256,0.042,0.75,0.062
2139,51.885938,-2.052672,396471.0,220822.0,2.657,0.268,0.449,0.28
4094,52.496238,-1.688419,421250.0,288750.0,2.337,0.376,1.275,0.617
E13271,50.989153,-1.4851800000000002,436230.0,121210.0,1.319,0.01,0.76,0.065
2852TH,51.702625,-0.614039,495873.0,201341.0,0.678,0.295,0.7000000000000001,0.256
2635,51.890714,-2.066105,395547.0,221354.0,4.4,0.0,0.2,0.0
024013,54.619954,-1.7924449999999998,413500.0,525000.0,1.556,-0.013,0.65,0.047
724629,54.081344,-2.722026,352860.0,465290.0,8.168,0.12,3.6,0.28
L2403,53.833727,-1.12853,457450.0,437850.0,7.919,-0.012,6.1,0.835
2882TH,51.529235,-0.488741,504930.0,182230.0,1.402,0.211,0.8,0.274
722242,54.420034,-2.599286,361210.0,502900.0,5.618,0.119,2.7,0.215
47133,50.766235,-4.425512,229050.0,99100.0,2.425,0.012,1.4,0.077
E62201,52.451684,0.1639729999999999,547150.0,285950.0,1.65,0.2,1.156,0.6990000000000001
2150TH,51.435635,-1.201665,455590.0,171040.0,0.849,-0.176,0.65,0.019
2219TH,51.427238,-1.724504,419250.0,169840.0,0.812,0.005,0.857,0.047
2180TH,51.468325,-1.08539,463627.0,174770.0,1.954,0.8220000000000001,1.56,1.072
50152,51.1339,-4.153117,249451.0,139386.0,1.599,-0.099,0.65,-0.065
2227,52.309779,-2.59384,359610.0,268130.0,3.54,0.08,2.0,0.11
2302TH,51.501042,-0.886307,477400.0,178600.0,0.967,-0.18,0.3,0.006
F2220,54.133486,-1.537861,430294.0,470949.0,1.897,0.016,1.75,0.03
44221,50.790604,-2.41643,370743.0,99087.0,1.044,0.05,0.63,0.08
3660TH,51.488753,-0.412558,510312.0,177840.0,1.261,0.028,1.1,0.056
50115,50.973061,-3.909695,266017.0,121031.0,3.284,0.16,1.7000000000000002,0.271
4145,52.522794,-1.29766,447750.0,291890.0,1.746,0.08,1.0,0.13
E15611,51.194087,0.2363309999999999,556359.0,146251.0,4.664,0.6000000000000001,0.916,0.63
712415,53.79678,-2.234811,384630.0,433413.0,1.333,0.296,0.945,0.318
E21050,52.798728,0.4905589999999999,568006.0,325260.0,0.499,0.071,0.292,0.15
E15240,51.304292,0.18632,552500.0,158400.0,1.102,0.033,0.8,0.072
761605,54.616994,-2.818572,347236.0,524959.0,2.711,0.057,1.1,0.147
3110TH,51.440376,-0.512035,503515.0,172315.0,0.367,0.023,0.5,0.048
F2902,54.462097,-0.654478,487316.0,508248.0,4.0,0.228,1.3,0.361
45118,50.80427,-3.511305,293602.0,101613.0,3.638,0.1,2.0,0.233
E4803,53.077892,-0.274288,515700.0,354800.0,2.7,0.0,2.24,0.121
3626TH,51.561936,-0.3793249999999999,512439.0,186029.0,1.431,-0.157,1.1,0.012
E23052,52.481995,1.670537,649329.0,293455.0,1.507,-0.552,1.33,-0.35
4139TH,51.371312,-0.1206879999999999,530910.0,165260.0,0.427,-0.246,0.32,0.0
0630TH,51.799654,-1.885239,408010.0,211230.0,0.42,-0.002,0.28,0.017
52121,50.947873,-2.503101,364753.0,116614.0,0.388,0.0,0.2,0.02
E10893,50.851113,-0.7645529999999999,487065.0,106460.0,0.922,0.0,0.613,0.001
E21732,52.171412,0.099158,543650.0,254650.0,1.63,0.06,0.645,0.479
0660TH,51.754535,-1.825522,412140.0,206220.0,0.524,0.035,0.4,0.081
L17022,53.827584,-1.570463,428370.0,436900.0,1.648,0.177,0.8,0.202
4650TH,51.830547,-0.347917,513940.0,215950.0,1.633,-0.083,1.3,0.6980000000000001
760115,54.579834,-2.491428,368333.0,520627.0,4.722,0.19,1.8,0.251
3838TH,51.587068,-0.307266,517369.0,188937.0,2.092,-0.43,0.75,0.112
E12551,51.087739,-1.189248,456880.0,132360.0,0.716,0.083,0.5,0.126
43177,51.018287,-2.011504,399289.0,124324.0,1.141,0.0,0.611,0.0
4085,52.92726,-1.475443,435360.0,336780.0,3.349,0.49,2.0,0.583
E2862,52.890978,-0.62509,492600.0,333500.0,1.078,0.0,0.74,0.108
2032,52.049661,-2.200744,386330.0,239050.0,5.925,0.322,4.0,0.417
2626,52.248746,-1.994455,400475.0,261175.0,2.465,0.047,1.25,0.074
024004,54.6847,-1.818483,411800.0,532200.0,2.306,0.05,1.05,0.096
4832TH,51.861312,-0.11775,529711.0,219756.0,1.554,0.208,1.3,0.28
E1780,53.176218,-0.5711,495600.0,365300.0,2.431,0.0,2.11,0.159
751690,54.662671,-3.361333,312286.0,530585.0,4.973,0.84,1.5,0.905
47124,50.658035,-4.241876,241634.0,86661.0,2.284,0.045,2.0,0.113
L0601,53.425334,-1.36339,442400.0,392250.0,4.291,-0.08,2.0,0.073
4048,53.072731,-1.441438,437520.0,352980.0,2.864,0.084,2.0,0.223
E21324,52.314257,-0.444982,506100.0,269600.0,2.4130000000000003,0.05,0.7000000000000001,0.105
50180,50.648044,-3.431911,298860.0,84130.0,3.238,,,
2255,52.08804,-2.446839,369480.0,243394.0,1.911,0.01,0.8,0.03
E22035,52.364009,0.2603,554000.0,276400.0,2.051,1.055,1.744,1.457
692727,53.439969,-2.388645,374280.0,393760.0,4.917,0.168,4.3,0.233
50143,50.977311,-4.178073,247190.0,122026.0,4.376,-0.08,3.2,0.009
L1535,53.959571,-2.022817,398600.0,451500.0,2.9,-0.021,1.4,0.01
5129TH,51.89464,0.186331,550537.0,224047.0,0.874,-0.19,0.7000000000000001,0.058
E3401,51.273987,1.168823,621121.0,157530.0,0.755,0.0,0.53,0.015
1984TH,51.663282,-1.075268,464056.0,196461.0,1.934,1.0,1.75,0.9
53143,51.547559,-2.049871,396638.0,183187.0,2.43,0.0,0.7000000000000001,0.146
3401TH,51.429566,-0.318416,516999.0,171404.0,1.197,-0.3,0.217,0.009
52159,51.073454,-2.964814,332501.0,130902.0,5.889,2.029,3.42,2.5
2497TH,51.55135,-0.808421,482715.0,184280.0,0.516,-0.076,0.2,0.023
5189TH,51.773908,0.073644,543166.0,210394.0,2.145,0.036,1.9,0.053
48183,50.196411,-5.136703,176228.0,37642.0,0.8310000000000001,0.015,0.49,0.044
46130,50.421783,-3.918076,263840.0,59750.0,2.369,0.15,1.5,0.235
2702TH,51.438166,-0.537257,501767.0,172034.0,1.335,-0.067,0.3,0.08
49130,50.393206,-5.056217,182870.0,59280.0,1.586,0.025,0.746,0.044
4001,53.362304,-1.703631,419820.0,385090.0,2.8040000000000003,0.01,0.5,0.302
751110,54.677997,-3.24495,319823.0,532151.0,3.891,0.3,2.21,0.44
3245TH,51.239844,-0.166451,528090.0,150560.0,2.461,-0.053,2.0,0.493
690155,53.650068,-2.31342,379380.0,417110.0,3.385,0.309,2.3,0.255
720120,53.937868,-2.770317,349527.0,449360.0,2.409,0.237,2.52,0.248
531158,51.580872,-2.094819,393526.0,186895.0,1.475,0.084,0.542,0.089
E1187,53.144196,-0.1400509999999999,524500.0,362400.0,2.073,-1.15,1.1,0.003
2195,51.717437,-2.482837,366740.0,202190.0,11.711,1.979,10.2,2.0
713205,53.69442,-2.466407,369300.0,422100.0,0.801,0.02,1.125,0.034
L0504,53.445208,-1.549184,430040.0,394367.0,4.44,0.76,2.3,0.88
E21227,51.987468,0.752212,589078.0,235690.0,2.519,0.254,1.65,0.154
52112,51.003358,-2.683234,352156.0,122886.0,3.991,0.0,2.9,0.056
45234,50.656145,-3.324921,306440.0,84890.0,0.892,0.111,0.651,0.458
L17013,53.812894,-1.481054,434267.0,435305.0,1.986,-0.014,0.5,0.052
2654,51.889602,-2.062354,395805.0,221230.0,2.167,0.176,1.3,0.24
3089TH,51.346115,-0.465049,507000.0,161900.0,4.038,0.082,2.24,0.238
3609TH,51.57755,-0.3802709999999999,512335.0,187764.0,1.263,-0.02,1.185,0.064
F1403,53.864265,-1.904159,406400.0,440900.0,2.166,0.137,1.27,0.22
E24807,52.559314,1.570041,642082.0,301709.0,2.34,-0.7000000000000001,2.03,-0.45
2023,52.100775,-1.910164,406250.0,244720.0,3.653,0.024,1.112,0.141
2617,51.723887,-2.130978,391049.0,202805.0,0.76,0.021,0.5,0.033
F2708,54.251128,-0.4843159999999999,498850.0,485000.0,0.636,-0.069,0.55,0.064
44115,50.739791,-2.891657,337178.0,93733.0,3.759,0.003,1.13,0.047
690206,53.645347,-2.092047,394012.0,416543.0,2.003,0.081,1.0,0.026
2841TH,51.757619,-0.4753909999999999,505326.0,207648.0,0.6950000000000001,0.013,0.8300000000000001,0.066
47115,50.640271,-4.330759,235290.0,84880.0,5.351,0.143,3.0,0.226
4039,52.460104,-1.897221,407080.0,284690.0,2.503,0.11,0.416,0.087
E1140,51.172608,0.173074,552010.0,143730.0,2.978,0.002,2.07,0.085
E61101,52.242947,-0.263656,518650.0,261950.0,1.845,0.325,1.1,0.8240000000000001
3020TH,51.209424,-0.8035939999999999,483670.0,146260.0,1.27,0.023,0.97,0.046
768010,54.668303,-2.76746,350599.0,530631.0,1.518,0.122,2.916,0.04
50134,50.779388,-4.127794,250085.0,99916.0,2.079,0.02,1.5,0.07
4164,53.308371,-0.942655,470550.0,379570.0,1.653,0.056,0.85,0.19
E1363,52.229163,-0.868182,477400.0,259600.0,1.5670000000000002,0.0,1.041,0.935
53134,51.492586,-2.523813,363730.0,177202.0,2.997,0.1,2.1,0.241
F2202,54.098062,-1.457119,435600.0,467045.0,3.497,0.02,1.45,0.11
2705,52.5405,-2.801605,345730.0,293930.0,0.59,-0.06,0.35,0.02
694042,53.407175,-2.608928,359616.0,390214.0,3.817,0.137,2.8,0.24
L2401A,53.786072,-1.066528,461600.0,432600.0,6.339,-0.259,5.0,0.357
2098,51.998663,-2.155508,389420.0,233370.0,5.491,1.926,2.8,2.127
023001,54.94992,-1.940633,403900.0,561700.0,6.959,0.188,4.6,0.408
43121,50.974908,-1.978577,401600.0,119500.0,109.23,68.86,102.0,0.0
48174,50.26009,-5.279378,166359.0,45159.0,,,,
022017,55.167634,-1.6945,419559.0,585969.0,28.051,24.262,25.7,24.3
E22374,52.357278,0.4185689999999999,564800.0,276000.0,2.724,1.854,2.19,1.939
46121,50.544315,-3.499054,293880.0,72690.0,2.97,,,
L0407,53.326618,-1.516187,432321.0,381188.0,1.779,0.105,0.8,0.125
2830,52.735118,-2.960681,335230.0,315710.0,4.13,0.96,1.0,0.91
49121,50.477206,-4.595304,215952.0,67373.0,1.513,0.102,0.714,0.234
45137,50.775566,-3.718339,278940.0,98740.0,2.762,0.0,2.0,0.102
L0903,53.61394,-0.990666,466870.0,413518.0,6.952,0.995,5.37,1.451
4192TH,51.428571,-0.1876769999999999,526090.0,171510.0,3.11,0.486,3.485,0.853
0008,51.484369,-0.149631,528578.0,177781.0,4.95,,,
48137,50.229401,-5.120933,177507.0,41262.0,1.445,0.21,0.864,0.236
E60701,52.053714,-0.855119,478600.0,240100.0,1.16,0.18,0.304,0.151
4314TH,51.385199,0.047688,542586.0,167118.0,1.892,0.917,1.6,0.924
L2325,54.363181,-1.418526,437881.0,496564.0,1.918,0.027,1.37,0.058
680504,53.165868,-2.494907,367010.0,363310.0,4.384,0.249,3.2,0.316
F1306,53.688481,-1.634418,424240.0,421400.0,5.892,0.293,5.0,0.482
E9740,50.806886,-0.543902,502694.0,101825.0,3.756,,,
2195TH,51.462237,-1.077263,464200.0,174100.0,1.061,0.003,0.4,0.032
E2125,52.442977,-0.492641,502553.0,283848.0,2.32,0.03,1.3,0.286
L1206,53.741165,-2.027245,398300.0,427200.0,3.628,-0.194,1.6,0.0
E24835,52.612266,1.434411,632611.0,307150.0,1.387,-0.295,1.1,0.017
E13281,50.919652,-1.447963,438900.0,113500.0,0.7030000000000001,0.0,0.5,0.026
5039TH,51.884165,0.09127,544030.0,222690.0,1.973,-0.171,0.8200000000000001,-0.097
024023,54.62791,-1.7258,417800.0,525900.0,1.023,0.087,0.8,0.189
1102TH,51.761748,-1.362413,444100.0,207200.0,1.061,-0.226,0.4,0.0
023039,54.973701,-2.105879,393320.0,564350.0,2.27,-0.107,1.3,0.003
43159,51.062826,-1.779755,415530.0,129300.0,1.783,0.5700000000000001,1.22,0.65
4067,52.880685,-1.346428,444080.0,331670.0,2.515,0.341,1.6,0.492
46159,50.529998,-3.614031,285699.0,71269.0,2.29,0.022,1.2,0.027
E1502,53.38885,-0.330909,511100.0,389300.0,1.392,0.0,0.898,0.063
2490TH,51.484806,-0.880942,477800.0,176800.0,3.43,0.233,2.255,0.504
44106,50.569876,-2.441027,368863.0,74552.0,2.019,,,
700295,53.583885,-2.637387,357900.0,409890.0,2.192,0.04,1.8,0.106
4192,52.762225,-0.889833,475010.0,318870.0,2.49,0.47,1.26,0.77
L2005,53.912329,-1.418426,438300.0,446400.0,5.246,0.21,3.0,0.345
692115,53.445001,-1.964573,402450.0,394250.0,1.836,0.03,0.6000000000000001,0.053
E21195,52.412682,0.762195,587961.0,282999.0,1.142,0.07,0.5680000000000001,0.142
768001,54.661143,-2.747001,351910.0,529820.0,1.257,0.084,0.9,0.145
50125,50.907767,-3.863651,269066.0,113688.0,2.619,0.11,1.5,0.172
E72039,50.608501,-2.447945,368399.0,78850.0,1.82,,,
E72024,50.6085,-2.44794,368399.0,78850.0,,,,
4155,52.896019,-0.962231,469910.0,333680.0,2.909,0.464,1.6,0.492
L3806,54.473986,-1.173419,453663.0,509052.0,3.7,0.11,2.56,0.276
2102,51.850206,-2.336612,376910.0,216900.0,6.276,-0.012,5.7,0.953
53125,51.380436,-2.506812,364824.0,164721.0,4.302,0.37,2.5,0.473
E15250,51.423959,0.230865,555200.0,171800.0,0.637,0.0,0.4,0.018
2486TH,51.40345,-0.836924,481000.0,167800.0,2.329,0.368,1.2,0.395
48128,50.264906,-5.060481,181980.0,45030.0,2.117,0.039,1.3,0.086
E1442,53.677267,-0.5254329999999999,497500.0,421100.0,5.142,,,
4118,53.233981,-1.032134,464700.0,371210.0,1.382,0.113,0.47,0.175
E41137,52.571947,1.738433,653419.0,303692.0,3.318,,,
E24367,52.27627,-0.223832,521278.0,265722.0,1.484,0.083,0.656,0.332
700309,53.577223,-2.7214400000000003,352328.0,409202.0,2.85,0.27,3.348,0.374
055021_TG 305,52.226571,-2.730348,350210.0,258960.0,3.7560000000000002,0.717,2.6,0.763
055031_TG 329,52.069153,-2.743532,349130.0,241460.0,1.292,0.001,0.40800000000000003,0.129
45128,50.716251,-3.527368,292268.0,91849.0,4.611,2.615,4.0,3.282
43112,51.1839,-2.132143,390860.0,142750.0,0.723,0.049,0.45,0.116
L1605,53.840066,-1.789021,413980.0,438224.0,2.838,0.417,1.5,0.34500000000000003
F3707,54.650589,-1.508677,431800.0,528500.0,2.157,0.027,1.5,0.137
2698TH,51.491873,-0.604104,497007.0,177916.0,1.259,-0.195,0.5,0.096
52229,51.282166,-2.768948,346466.0,153951.0,0.642,0.014,0.36,0.078
E71624,51.11439,1.32267,632652.0,140262.0,,,,
E71639,51.114372,1.322641,632650.0,140260.0,4.7620000000000005,,,
1453TH,51.920573,-1.306366,447800.0,224900.0,2.569,0.28600000000000003,1.3,0.361
E8190,50.989456,0.127659,549424.0,123272.0,2.998,-0.07200000000000001,2.208,0.0
45216,50.682142,-3.235982,312775.0,87672.0,1.855,0.0,0.4,0.008
750604,54.561659,-3.068796,330984.0,519019.0,18.04,6.901,16.68,10.088
1483TH,51.861059,-1.1192280000000001,460750.0,218420.0,2.984,0.222,2.0,0.297
E1530,51.107299,0.139866,549900.0,136400.0,3.7560000000000002,38.981,2.7,0.019
E4405,53.00001,-0.42790599999999995,505600.0,345900.0,0.733,0.0,0.71,0.04
47171,50.641712,-4.362839,233027.0,85112.0,1.881,0.062,0.961,0.115
E42196,52.315823,1.670054,650235.0,274979.0,2.805,,,
024014,54.62006,-1.8683269999999998,408600.0,525000.0,1.0,-0.069,0.6000000000000001,0.0
4058,53.013888,-1.738962,417610.0,346320.0,1.963,0.068,0.35100000000000003,0.147
L2404,53.952302,-1.078455,460574.0,451084.0,10.195,4.888,7.9,5.052
L1322,53.668661,-1.472656,434939.0,419262.0,1.771,-0.009000000000000001,1.25,0.003
2201TH,51.460811,-0.9636349999999999,472096.0,174047.0,1.021,-0.187,0.30000000000000004,0.068
2005,52.724474,-2.872198,341190.0,314450.0,7.008,-0.121,4.8,0.28700000000000003
E73424,54.03183,-2.9202500000000002,339820.0,459932.0,,,,
762006,54.667313,-2.659359,357570.0,530450.0,3.417,0.03,2.0,0.152
690350,53.494067,-2.375559,375181.0,399774.0,1.9609999999999999,0.062,1.79,0.07100000000000001
E8241,51.041711,-0.097823,533450.0,128650.0,,,,
1502TH,51.708312,-1.232825,453106.0,201343.0,0.6970000000000001,-0.23,0.4,-0.25
F1608,53.85124,-1.842838,410436.0,439458.0,3.015,0.065,1.75,0.212
2228,52.298087,-2.55805,362040.0,266810.0,4.231,0.45,3.0,0.47000000000000003
L1545,53.914547,-2.144584,390600.0,446500.0,2.008,0.055,1.3,0.114
E22008,52.669401,0.995655,602650.0,312178.0,1.738,-0.035,1.82,0.0
53153,51.554844,-2.092255,393700.0,184000.0,1.407,0.01,0.353,0.039
E22504,52.077093,0.491629,570846.0,245011.0,1.768,0.035,1.43,0.106
50153,51.016893,-3.822486,272260.0,125750.0,2.121,0.0,1.2,0.008
E22885,51.727462,0.441028,568683.0,206014.0,1.299,0.073,0.93,0.032
5522TH,51.583879,0.172001,550580.0,189460.0,1.152,0.277,0.7000000000000001,0.293
L3203,53.739883,-0.330677,510200.0,428350.0,4.34,,,
4146,53.0832,-1.32769,445130.0,354210.0,2.52,0.037,1.0,0.07200000000000001
2890TH,51.517498,-0.476763,505788.0,180942.0,2.54,0.496,2.15,0.578
E22727,51.997863,0.578311,577098.0,236408.0,2.273,0.0,1.45,0.044
2989TH,51.374167,-0.478479,506000.0,165000.0,1.979,0.672,0.9,0.313
E14530,50.824241,-1.576864,429900.0,102830.0,1.014,0.0,0.37,0.028
F1102,53.67527,-1.7380740000000001,417400.0,419900.0,2.352,0.011,1.0,0.219
E3003,52.720446,-0.36394499999999996,510600.0,314900.0,1.479,0.0,0.74,0.057
4011,53.124099,-1.5579290000000001,429680.0,358640.0,5.181,0.07100000000000001,2.5,0.28500000000000003
2420_w1TH,51.381826,-0.9666549999999999,472010.0,165260.0,1.3599999999999999,0.016,0.75,0.157
45119,50.8432,-3.392156,302079.0,105777.0,3.725,0.02,1.6,0.249
50116,50.946265,-4.137186,249960.0,118490.0,5.7620000000000005,0.14,3.0,0.445
712170,53.854769,-2.1589869999999998,389639.0,439851.0,2.339,0.035,1.35,0.073
3369TH,51.375687,-0.264339,520900.0,165500.0,2.087,0.8320000000000001,3.0,0.892
E4976,53.125717,-0.052667,530400.0,360500.0,2.33,0.0,1.78,0.093
L2307,54.401122,-1.7766060000000001,414600.0,500653.0,4.191,-0.075,3.0,0.0
L2803,53.819066,-0.927565,470700.0,436400.0,6.371,1.569,5.3,1.979
2886TH,51.598796,-0.37682899999999997,512521.0,190132.0,0.977,0.058,0.9400000000000001,0.17500000000000002
E1656,53.005364,-0.022347,532798.0,347169.0,,,,
023058,54.918811,-2.328264,379056.0,558286.0,2.118,0.028,0.533,0.08700000000000001
L1721,53.740078,-1.366226,441900.0,427265.0,2.94,-0.079,0.30000000000000004,-0.005
3880TH,51.508638,-0.34256899999999996,515121.0,180159.0,2.725,0.771,3.489,0.842
737536,54.307391,-3.091306,329090.0,490750.0,3.035,0.246,1.3820000000000001,0.429
4086,52.573856,-1.13453,458750.0,297690.0,2.761,0.524,1.607,0.6000000000000001
024005,54.742586,-1.59921,425900.0,538700.0,2.094,0.027,1.4,0.083
E1521,52.227978,-0.934098,472900.0,259400.0,1.329,0.0,0.9490000000000001,0.46
47125,50.34269,-4.005399,257400.0,51120.0,2.32,0.026000000000000002,1.361,0.212
694460,53.384181,-2.8259090000000002,345162.0,387801.0,2.555,0.10300000000000001,2.7,0.219
4049,53.309224,-1.138194,457520.0,379490.0,2.189,0.09,1.05,0.149
E26141,52.145941,-0.521734,501250.0,250770.0,30.96,28.913,29.515,28.979
E21325,52.147499,-0.708027,488500.0,250700.0,1.169,0.015,0.372,0.075
L3602,54.512373,-1.355879,441800.0,513200.0,4.073,0.145,1.8,0.45
712221,53.794282,-2.306373,379915.0,433153.0,1.561,0.12,1.26,0.164
L2024,53.874564,-1.253163,449200.0,442300.0,12.84,3.215,7.296,3.436
5171TH,51.795404,0.134177,547272.0,212905.0,2.948,0.784,2.015,-0.014
5141TH,51.878177,0.160906,548842.0,222164.0,1.8,-0.002,1.15,0.059000000000000004
2601TH,51.560993,-0.694635,490585.0,185487.0,1.464,-0.23900000000000002,0.6000000000000001,0.0
L3491,53.727084,-0.585836,493400.0,426561.0,6.07,,,
1303TH,51.74909,-1.272781,450300.0,205850.0,0.341,-0.312,0.12,-0.15
4389TH,51.45563,0.006130000000000001,539480.0,174870.0,1.078,0.013000000000000001,1.0,0.028
2469_w2TH,51.377564,-0.952526,473000.0,164800.0,1.687,0.126,0.728,0.189
023011,55.245179,-2.5614660000000002,364400.0,594700.0,2.35,0.122,1.6,0.153
E5320,53.144479,0.086945,539680.0,362850.0,2.75,0.0,2.07,0.129
48184,50.336116,-4.633573,212681.0,51783.0,3.146,,,
E13810,51.166603,-1.441818,439124.0,140966.0,0.621,0.232,0.5,0.30000000000000004
2293TH,51.385195,-1.002649,469500.0,165600.0,2.2439999999999998,0.5640000000000001,2.0,0.619
E14521,50.763011,-1.536709,432771.0,96038.0,2.203,,,
E21042,52.131783,-0.9620489999999999,471144.0,248673.0,2.059,0.064,0.582,0.109
49131,50.640424,-4.6751819999999995,210940.0,85720.0,1.776,0.303,1.0,0.343
E4832,52.229209,-1.080484,462900.0,259400.0,1.54,-0.04,1.35,0.0
